{
  "files": [
    {
      "filepath": "/Users/lukecarlthompson/Code/pixi-solid/packages/pixi-solid/src/benchmarks/container-prop-updates/container-prop-updates.bench.ts",
      "groups": [
        {
          "fullName": "src/benchmarks/container-prop-updates/container-prop-updates.bench.ts > container prop updates - mixed props",
          "benchmarks": [
            {
              "id": "-656383414_0_0",
              "name": "update mixed props on container",
              "rank": 1,
              "rme": 0.6177691517337864,
              "samples": [],
              "totalTime": 500.0000610000959,
              "min": 0,
              "max": 0.37179200000014134,
              "hz": 13479680.35547641,
              "period": 0.00007418573539050787,
              "mean": 0.00007418573539050787,
              "variance": 3.684942850555092e-7,
              "sd": 0.0006070373012060373,
              "sem": 2.3382478991296524e-7,
              "df": 6739840,
              "critical": 1.96,
              "moe": 4.5829658822941186e-7,
              "p75": 0.00008300000013150566,
              "p99": 0.00008400000001529406,
              "p995": 0.00016599999980826396,
              "p999": 0.00041699999997035775,
              "sampleCount": 6739841,
              "median": 0.00008299999990413198
            }
          ]
        }
      ]
    },
    {
      "filepath": "/Users/lukecarlthompson/Code/pixi-solid/packages/pixi-solid/src/benchmarks/point-property-lookup/point-property-lookup.bench.ts",
      "groups": [
        {
          "fullName": "src/benchmarks/point-property-lookup/point-property-lookup.bench.ts > isPointProperty - mixed hits and misses",
          "benchmarks": [
            {
              "id": "-720183586_0_0",
              "name": "array includes variant",
              "rank": 2,
              "rme": 0.2310925675147744,
              "samples": [],
              "totalTime": 500.000076000243,
              "min": 0,
              "max": 0.20958300000006602,
              "hz": 13964131.877445169,
              "period": 0.00007161204210733626,
              "mean": 0.00007161204210733626,
              "variance": 4.977553556003035e-8,
              "sd": 0.00022310431542224893,
              "sem": 8.443372793653302e-8,
              "df": 6982066,
              "critical": 1.96,
              "moe": 1.654901067556047e-7,
              "p75": 0.00008300000013150566,
              "p99": 0.00008400000001529406,
              "p995": 0.00008400000001529406,
              "p999": 0.00020799999992959783,
              "sampleCount": 6982067,
              "median": 0.00008299999990413198
            },
            {
              "id": "-720183586_0_1",
              "name": "set has variant",
              "rank": 1,
              "rme": 0.22486025980001453,
              "samples": [],
              "totalTime": 500.00001399949406,
              "min": 0,
              "max": 0.3118750000003274,
              "hz": 14244059.601180743,
              "period": 0.00007020470483829668,
              "mean": 0.00007020470483829668,
              "variance": 4.62008012802536e-8,
              "sd": 0.0002149437165405251,
              "sem": 8.054208249552412e-8,
              "df": 7122029,
              "critical": 1.96,
              "moe": 1.5786248169122728e-7,
              "p75": 0.00008300000035887933,
              "p99": 0.00008400000024266774,
              "p995": 0.00008400000024266774,
              "p999": 0.00016700000014679972,
              "sampleCount": 7122030,
              "median": 0.00008299999990413198
            }
          ]
        }
      ]
    },
    {
      "filepath": "/Users/lukecarlthompson/Code/pixi-solid/packages/pixi-solid/src/benchmarks/set-event-property/set-event-property.bench.ts",
      "groups": [
        {
          "fullName": "src/benchmarks/set-event-property/set-event-property.bench.ts > setEventProperty - slice vs map",
          "benchmarks": [
            {
              "id": "1782384170_0_0",
              "name": "slice(2) event name",
              "rank": 2,
              "rme": 25.588761930352867,
              "samples": [],
              "totalTime": 500.00250900005096,
              "min": 0,
              "max": 47.41574999999989,
              "hz": 10515911.23115637,
              "period": 0.00009509399404563405,
              "mean": 0.00009509399404563405,
              "variance": 0.0008104228491373893,
              "sd": 0.028467926674371445,
              "sem": 0.000012414987625714912,
              "df": 5257981,
              "critical": 1.96,
              "moe": 0.000024333375746401227,
              "p75": 0.00008300000013150566,
              "p99": 0.00008400000001529406,
              "p995": 0.00012499999991177901,
              "p999": 0.0002500000000509317,
              "sampleCount": 5257982,
              "median": 0.00008299999990413198
            },
            {
              "id": "1782384170_0_1",
              "name": "map lookup event name",
              "rank": 1,
              "rme": 0.23982760591803287,
              "samples": [],
              "totalTime": 500.00004300004775,
              "min": 0,
              "max": 0.28050000000030195,
              "hz": 13568496.833107976,
              "period": 0.00007370013143681014,
              "mean": 0.00007370013143681014,
              "variance": 5.517273403978323e-8,
              "sd": 0.00023488876950544747,
              "sem": 9.018023509354351e-8,
              "df": 6784248,
              "critical": 1.96,
              "moe": 1.7675326078334527e-7,
              "p75": 0.00008300000081362668,
              "p99": 0.00008400000024266774,
              "p995": 0.00008400000024266774,
              "p999": 0.00020799999992959783,
              "sampleCount": 6784249,
              "median": 0.00008299999990413198
            }
          ]
        }
      ]
    },
    {
      "filepath": "/Users/lukecarlthompson/Code/pixi-solid/packages/pixi-solid/src/benchmarks/set-prop-assignment/set-prop-assignment.bench.ts",
      "groups": [
        {
          "fullName": "src/benchmarks/set-prop-assignment/set-prop-assignment.bench.ts > setProp - key in instance vs try/catch",
          "benchmarks": [
            {
              "id": "659002864_0_0",
              "name": "key in instance (existing key)",
              "rank": 2,
              "rme": 0.22134284732700185,
              "samples": [],
              "totalTime": 500.0000379998604,
              "min": 0,
              "max": 0.2224580000000742,
              "hz": 11354919.137029316,
              "period": 0.00008806755802768498,
              "mean": 0.00008806755802768498,
              "variance": 5.615712084361244e-8,
              "sd": 0.00023697493716343178,
              "sem": 9.945471454583548e-8,
              "df": 5677459,
              "critical": 1.96,
              "moe": 1.9493124050983753e-7,
              "p75": 0.00008400000001529406,
              "p99": 0.00012500000002546585,
              "p995": 0.00012500000002546585,
              "p999": 0.0002080000001569715,
              "sampleCount": 5677460,
              "median": 0.00008300000013150566
            },
            {
              "id": "659002864_0_1",
              "name": "try/catch assignment (existing key)",
              "rank": 1,
              "rme": 0.2708703943833519,
              "samples": [],
              "totalTime": 500.0000799998779,
              "min": 0,
              "max": 0.3157089999999698,
              "hz": 14700357.647946365,
              "period": 0.0000680255558367112,
              "mean": 0.0000680255558367112,
              "variance": 6.49610611156173e-8,
              "sd": 0.0002548745988042302,
              "sem": 9.401076090630965e-8,
              "df": 7350179,
              "critical": 1.96,
              "moe": 1.842610913763669e-7,
              "p75": 0.00008300000035887933,