{
  "files": [
    {
      "filepath": "/Users/lukecarlthompson/Code/pixi-solid/packages/pixi-solid/src/benchmarks/container-prop-updates/container-prop-updates.bench.tsx",
      "groups": [
        {
          "fullName": "src/benchmarks/container-prop-updates/container-prop-updates.bench.tsx > container prop updates - mixed props",
          "benchmarks": [
            {
              "id": "1126950766_0_0",
              "name": "direct Container() props updates",
              "rank": 2,
              "rme": 3.8495070865294476,
              "samples": [],
              "totalTime": 500.0000199999354,
              "min": 0,
              "max": 8.240334000000075,
              "hz": 12867221.485312803,
              "period": 0.00007771685605485557,
              "mean": 0.00007771685605485557,
              "variance": 0.00001498936894322043,
              "sd": 0.00387161063941358,
              "sem": 0.0000015263856537038546,
              "df": 6433610,
              "critical": 1.96,
              "moe": 0.000002991715881259555,
              "p75": 0.00008300000035887933,
              "p99": 0.00012500000002546585,
              "p995": 0.00024999999982355803,
              "p999": 0.00041699999997035775,
              "sampleCount": 6433611,
              "median": 0.00008299999990413198
            },
            {
              "id": "1126950766_0_1",
              "name": "JSX <Container /> props updates",
              "rank": 1,
              "rme": 0.5202465092489083,
              "samples": [],
              "totalTime": 500.0000000001969,
              "min": 0,
              "max": 0.24254100000007384,
              "hz": 13803187.999994565,
              "period": 0.0000724470318016674,
              "mean": 0.0000724470318016674,
              "variance": 2.5520948328150314e-7,
              "sd": 0.0005051826236931583,
              "sem": 1.922975275523577e-7,
              "df": 6901593,
              "critical": 1.96,
              "moe": 3.769031540026211e-7,
              "p75": 0.00008300000081362668,
              "p99": 0.00008400000024266774,
              "p995": 0.0001250000004802132,
              "p999": 0.0003749999996216502,
              "sampleCount": 6901594,
              "median": 0.00008299999990413198
            },
            {
              "id": "1126950766_0_2",
              "name": "JSX <Container /> creation only",
              "rank": 3,
              "rme": 0,
              "samples": []
            }
          ]
        }
      ]
    },
    {
      "filepath": "/Users/lukecarlthompson/Code/pixi-solid/packages/pixi-solid/src/benchmarks/point-property-lookup/point-property-lookup.bench.ts",
      "groups": [
        {
          "fullName": "src/benchmarks/point-property-lookup/point-property-lookup.bench.ts > isPointProperty - mixed hits and misses",
          "benchmarks": [
            {
              "id": "-720183586_0_0",
              "name": "array includes variant",
              "rank": 2,
              "rme": 3.614785475363557,
              "samples": [],
              "totalTime": 500.000005000001,
              "min": 0,
              "max": 7.916334000000006,
              "hz": 13061809.869381875,
              "period": 0.00007655906876612063,
              "mean": 0.00007655906876612063,
              "variance": 0.000013020257260424683,
              "sd": 0.0036083593585485197,
              "sem": 0.0000014119622948119012,
              "df": 6530904,
              "critical": 1.96,
              "moe": 0.000002767446097831326,
              "p75": 0.00008300000013150566,
              "p99": 0.00008400000001529406,
              "p995": 0.00008400000001529406,
              "p999": 0.0002500000000509317,
              "sampleCount": 6530905,
              "median": 0.00008300000001781882
            },
            {
              "id": "-720183586_0_1",
              "name": "set has variant",
              "rank": 1,
              "rme": 0.5007212594807108,
              "samples": [],
              "totalTime": 500.0000269999987,
              "min": 0,
              "max": 0.6964579999998932,
              "hz": 14096703.23877806,
              "period": 0.00007093857216552163,
              "mean": 0.00007093857216552163,
              "variance": 2.3149008255498625e-7,
              "sd": 0.0004811341627394445,
              "sem": 1.8122679183920043e-7,
              "df": 7048351,
              "critical": 1.96,
              "moe": 3.552045120048328e-7,
              "p75": 0.00008300000035887933,
              "p99": 0.00008400000024266774,
              "p995": 0.00008400000024266774,
              "p999": 0.0002500000000509317,
              "sampleCount": 7048352,
              "median": 0.00008299999990413198
            }
          ]
        }
      ]
    },
    {
      "filepath": "/Users/lukecarlthompson/Code/pixi-solid/packages/pixi-solid/src/benchmarks/set-prop-assignment/set-prop-assignment.bench.ts",
      "groups": [
        {
          "fullName": "src/benchmarks/set-prop-assignment/set-prop-assignment.bench.ts > setProp - key in instance vs try/catch",
          "benchmarks": [
            {
              "id": "659002864_0_0",
              "name": "key in instance (existing key)",
              "rank": 2,
              "rme": 0.20114346788901072,
              "samples": [],
              "totalTime": 500.00002799993183,
              "min": 0,
              "max": 0.3053749999999127,
              "hz": 11248471.370087136,
              "period": 0.00008890096859376667,
              "mean": 0.00008890096859376667,
              "variance": 4.6814053337365333e-8,
              "sd": 0.00021636555487730789,
              "sem": 9.123392409001152e-8,
              "df": 5624235,
              "critical": 1.96,
              "moe": 1.7881849121642257e-7,
              "p75": 0.00008400000001529406,
              "p99": 0.00012500000002546585,
              "p995": 0.00012500000002546585,
              "p999": 0.00020900000004075991,
              "sampleCount": 5624236,
              "median": 0.00008300000013150566
            },
            {
              "id": "659002864_0_1",
              "name": "try/catch assignment (existing key)",
              "rank": 1,
              "rme": 0.23014496401693846,
              "samples": [],
              "totalTime": 500.000046000403,
              "min": 0,
              "max": 0.26687500000025466,
              "hz": 14607902.656061182,
              "period": 0.00006845609691854533,
              "mean": 0.00006845609691854533,
              "variance": 4.719250036073872e-8,
              "sd": 0.00021723834919447056,
              "sem": 8.038176511254423e-8,
              "df": 7303951,
              "critical": 1.96,
              "moe": 1.5754825962058667e-7,
              "p75": 0.00008300000035887933,
              "p99": 0.00008400000024266774,
              "p995": 0.00008400000024266774,
              "p999": 0.00016599999980826396,
              "sampleCount": 7303952,
              "median": 0.00008299999990413198
            }
          ]
        }
      ]
    },
    {
      "filepath": "/Users/lukecarlthompson/Code/pixi-solid/packages/pixi-solid/src/benchmarks/set-event-property/set-event-property.bench.ts",
      "groups": [
        {
          "fullName": "src/benchmarks/set-event-property/set-event-property.bench.ts > setEventProperty - slice vs map",
          "benchmarks": [
            {
              "id": "1782384170_0_0",
              "name": "slice(2) event name",
              "rank": 1,
              "rme": 0.19885951453908185,
              "samples": [],
              "totalTime": 500.00000600022906,
              "min": 0,
              "max": 0.21870799999987867,
              "hz": 15813217.810234144,
              "period": 0.00006323823601245857,
              "mean": 0.00006323823601245857,
              "variance": 3.254845389202203e-8,