{
  "files": [
    {
      "filepath": "/Users/lukecarlthompson/Code/pixi-solid/packages/pixi-solid/src/benchmarks/set-event-property/set-event-property.bench.ts",
      "groups": [
        {
          "fullName": "src/benchmarks/set-event-property/set-event-property.bench.ts > setEventProperty - slice vs map",
          "benchmarks": [
            {
              "id": "1782384170_0_0",
              "name": "slice(2) event name",
              "rank": 1,
              "rme": 0.4589728035990391,
              "samples": [],
              "totalTime": 500.0000019999169,
              "min": 0,
              "max": 0.5465830000000551,
              "hz": 15343255.938629525,
              "period": 0.00006517521470018058,
              "mean": 0.00006517521470018058,
              "variance": 1.7869575603477363e-7,
              "sd": 0.00042272420800656025,
              "sem": 1.5262066844954687e-7,
              "df": 7671627,
              "critical": 1.96,
              "moe": 2.9913651016111187e-7,
              "p75": 0.00008300000013150566,
              "p99": 0.00008400000001529406,
              "p995": 0.00008400000001529406,
              "p999": 0.00016700000014679972,
              "sampleCount": 7671628,
              "median": 0.00008299999990413198
            },
            {
              "id": "1782384170_0_1",
              "name": "map lookup event name",
              "rank": 2,
              "rme": 0.5766865160992306,
              "samples": [],
              "totalTime": 500.0000489995341,
              "min": 0,
              "max": 0.4672920000002705,
              "hz": 14439780.584914958,
              "period": 0.00006925312986020622,
              "mean": 0.00006925312986020622,
              "variance": 2.997622252770224e-7,
              "sd": 0.0005475054568467993,
              "sem": 2.0376197034719348e-7,
              "df": 7219890,
              "critical": 1.96,
              "moe": 3.993734618804992e-7,
              "p75": 0.00008300000035887933,
              "p99": 0.00008400000024266774,
              "p995": 0.00008400000024266774,
              "p999": 0.00016700000014679972,
              "sampleCount": 7219891,
              "median": 0.00008299999990413198
            }
          ]
        }
      ]
    }
  ]
}